"","member_casual","start_station_name","number_of_station"
"1","casual","",319372
"2","casual","2112 W Peterson Ave",429
"3","casual","351",2
"4","casual","63rd St Beach",1489
"5","casual","900 W Harrison St",2654
"6","casual","Aberdeen St & Jackson Blvd",3738
"7","casual","Aberdeen St & Monroe St",4024
"8","casual","Aberdeen St & Randolph St",4111
"9","casual","Ada St & 113th St",74
"10","casual","Ada St & Washington Blvd",3187
"11","casual","Adler Planetarium",10100
"12","casual","Albany Ave & 26th St",183
"13","casual","Albany Ave & Belmont Ave",27
"14","casual","Albany Ave & Bloomingdale Ave",2522
"15","casual","Albany Ave & Montrose Ave",882
"16","casual","Altgeld Gardens",106
"17","casual","Archer (Damen) Ave & 37th St",326
"18","casual","Archer Ave & 43rd St",22
"19","casual","Artesian Ave & 55th St",36
"20","casual","Artesian Ave & Hubbard St",812
"21","casual","Ashland Ave & 13th St",656
"22","casual","Ashland Ave & 50th St",139
"23","casual","Ashland Ave & 63rd St",140
"24","casual","Ashland Ave & 66th St",88
"25","casual","Ashland Ave & 74th St",131
"26","casual","Ashland Ave & 78th St",125
"27","casual","Ashland Ave & Archer Ave",540
"28","casual","Ashland Ave & Augusta Blvd",2765
"29","casual","Ashland Ave & Belle Plaine Ave",1560
"30","casual","Ashland Ave & Blackhawk St",5146
"31","casual","Ashland Ave & Chicago Ave",3968
"32","casual","Ashland Ave & Division St",11406
"33","casual","Ashland Ave & Garfield Blvd",98
"34","casual","Ashland Ave & Grace St",3255
"35","casual","Ashland Ave & Grand Ave",3110
"36","casual","Ashland Ave & Lake St",2751
"37","casual","Ashland Ave & McDowell Ave",164
"38","casual","Ashland Ave & Pershing Rd",153
"39","casual","Ashland Ave & Wellington Ave",2210
"40","casual","Ashland Ave & Wrightwood Ave",3521
"41","casual","Augusta Blvd & Laramie Ave",21
"42","casual","Austin Blvd & Chicago Ave",211
"43","casual","Austin Blvd & Lake St",548
"44","casual","Austin Blvd & Madison St",242
"45","casual","Avenue L & 114th St",25
"46","casual","Avenue O & 118th St",118
"47","casual","Avenue O & 134th St",108
"48","casual","Avers Ave & Belmont Ave",1127
"49","casual","Avondale Ave & Irving Park Rd",942
"50","casual","Baltimore Ave & 87th St",153
"51","casual","Base - 2132 W Hubbard Warehouse",17
"52","casual","Bennett Ave & 79th St",85
"53","casual","Benson Ave & Church St",2708
"54","casual","Bernard St & Elston Ave",642
"55","casual","Big Marsh Park",233
"56","casual","Bissell St & Armitage Ave",9112
"57","casual","Blackstone Ave & Hyde Park Blvd",2350
"58","casual","Bloomingdale Ave & Harlem Ave",31
"59","casual","Blue Island Ave & 18th St",2582
"60","casual","Bosworth Ave & Howard St",380
"61","casual","Bradley Park",105
"62","casual","Broadway & Argyle St",3676
"63","casual","Broadway & Barry Ave",12973
"64","casual","Broadway & Belmont Ave",7592
"65","casual","Broadway & Berwyn Ave",2950
"66","casual","Broadway & Cornelia Ave",9131
"67","casual","Broadway & Granville Ave",3302
"68","casual","Broadway & Ridge Ave",2737
"69","casual","Broadway & Sheridan Rd",6300
"70","casual","Broadway & Thorndale Ave",2918
"71","casual","Broadway & Waveland Ave",8304
"72","casual","Broadway & Wilson - Truman College Vaccination Site",3934
"73","casual","Buckingham Fountain",12385
"74","casual","Budlong Woods Library",573
"75","casual","Burling St & Diversey Pkwy",5775
"76","casual","Burnham Greenway & 105th St",208
"77","casual","Burnham Harbor",5338
"78","casual","California Ave & 21st St",649
"79","casual","California Ave & 23rd Pl",259
"80","casual","California Ave & 26th St",149
"81","casual","California Ave & 29th St",2
"82","casual","California Ave & 36th St",15
"83","casual","California Ave & Altgeld St",2202
"84","casual","California Ave & Byron St",1108
"85","casual","California Ave & Cortez St",2550
"86","casual","California Ave & Division St",2307
"87","casual","California Ave & Fletcher St",1793
"88","casual","California Ave & Francis Pl (Temp)",2511
"89","casual","California Ave & Lake St",545
"90","casual","California Ave & Marquette Rd",16
"91","casual","California Ave & Milwaukee Ave",6305
"92","casual","California Ave & Montrose Ave",1231
"93","casual","California Ave & North Ave",2505
"94","casual","California Ave & Winona St",19
"95","casual","Calumet Ave & 18th St",3954
"96","casual","Calumet Ave & 21st St",2164
"97","casual","Calumet Ave & 33rd St",855
"98","casual","Calumet Ave & 35th St",804
"99","casual","Calumet Ave & 51st St",828
"100","casual","Calumet Ave & 71st St",75
"101","casual","Calumet Park",364
"102","casual","Campbell Ave & 51st St",10
"103","casual","Campbell Ave & Fullerton Ave",1890
"104","casual","Campbell Ave & Montrose Ave",739
"105","casual","Campbell Ave & North Ave",3447
"106","casual","Canal St & Adams St",5543
"107","casual","Canal St & Harrison St",1084
"108","casual","Canal St & Jackson Blvd",1868
"109","casual","Canal St & Madison St",4521
"110","casual","Canal St & Monroe St",2745
"111","casual","Canal St & Taylor St",2550
"112","casual","Cannon Dr & Fullerton Ave",5404
"113","casual","Carpenter St & 63rd St",30
"114","casual","Carpenter St & Huron St",4704
"115","casual","Central Ave & Chicago Ave",180
"116","casual","Central Ave & Harrison St",159
"117","casual","Central Ave & Lake St",291
"118","casual","Central Ave & Madison St",108
"119","casual","Central Ave & Parker Ave",111
"120","casual","Central Ave & Roscoe St",81
"121","casual","Central Park & Augusta Blvd",17
"122","casual","Central Park Ave & 24th St",136
"123","casual","Central Park Ave & Bloomingdale Ave",1947
"124","casual","Central Park Ave & Douglas Blvd",83
"125","casual","Central Park Ave & Elbridge Ave",1090
"126","casual","Central Park Ave & North Ave",933
"127","casual","Central Park Ave & Ogden Ave",395
"128","casual","Central Park Ave & Ohio St",15
"129","casual","Central Park Blvd & 5th Ave",202
"130","casual","Central St & Girard Ave",610
"131","casual","Central St Metra",636
"132","casual","Cherry Ave & Blackhawk St",664
"133","casual","Chicago Ave & Sheridan Rd",2659
"134","casual","Chicago Ave & Washington St",1430
"135","casual","Chicago State University",286
"136","casual","Christiana Ave & Lawrence Ave",778
"137","casual","Cicero Ave & Flournoy St",63
"138","casual","Cicero Ave & Grace St",68
"139","casual","Cicero Ave & Lake St",196
"140","casual","Cicero Ave & Quincy St",100
"141","casual","Cityfront Plaza Dr & Pioneer Ct",6936
"142","casual","Claremont Ave & Hirsch St",1296
"143","casual","Clarendon Ave & Gordon Ter",4962
"144","casual","Clarendon Ave & Junior Ter",5040
"145","casual","Clarendon Ave & Leland Ave",3082
"146","casual","Clark St & 9th St (AMLI)",2992
"147","casual","Clark St & Armitage Ave",16173
"148","casual","Clark St & Berwyn Ave",4749
"149","casual","Clark St & Bryn Mawr Ave",2740
"150","casual","Clark St & Chicago Ave",6675
"151","casual","Clark St & Columbia Ave",776
"152","casual","Clark St & Drummond Pl",10537
"153","casual","Clark St & Elm St",16452
"154","casual","Clark St & Elmdale Ave",1178
"155","casual","Clark St & Grace St",9355
"156","casual","Clark St & Ida B Wells Dr",2050
"157","casual","Clark St & Jarvis Ave",330
"158","casual","Clark St & Lake St",7126
"159","casual","Clark St & Leland Ave",3861
"160","casual","Clark St & Lincoln Ave",16982
"161","casual","Clark St & Lunt Ave",947
"162","casual","Clark St & Montrose Ave",2389
"163","casual","Clark St & Newport St",13017
"164","casual","Clark St & North Ave",7359
"165","casual","Clark St & Randolph St",6034
"166","casual","Clark St & Schiller St",9397
"167","casual","Clark St & Schreiber Ave",1086
"168","casual","Clark St & Touhy Ave",349
"169","casual","Clark St & Wellington Ave",8300
"170","casual","Clark St & Winnemac Ave",5200
"171","casual","Clark St & Wrightwood Ave",11143
"172","casual","Clifton Ave & Armitage Ave",4383
"173","casual","Clinton St & 18th St",1079
"174","casual","Clinton St & Jackson Blvd",3728
"175","casual","Clinton St & Lake St",5834
"176","casual","Clinton St & Madison St",7711
"177","casual","Clinton St & Polk St",646
"178","casual","Clinton St & Roosevelt Rd",3540
"179","casual","Clinton St & Tilden St",1267
"180","casual","Clinton St & Washington Blvd",5432
"181","casual","Clybourn Ave & Division St",2444
"182","casual","Clyde Ave & 87th St",124
"183","casual","Columbus Dr & Randolph St",10751
"184","casual","Commercial Ave & 100th St",83
"185","casual","Commercial Ave & 130th St",140
"186","casual","Commercial Ave & 83rd St",100
"187","casual","Conservatory Dr & Lake St",615
"188","casual","Constance Ave & 95th St",90
"189","casual","Cornell Ave & Hyde Park Blvd",3472
"190","casual","Cornell Dr & Hayes Dr",392
"191","casual","Cottage Grove Ave & 111th Pl",163
"192","casual","Cottage Grove Ave & 43rd St",501
"193","casual","Cottage Grove Ave & 47th St",699
"194","casual","Cottage Grove Ave & 51st St",733
"195","casual","Cottage Grove Ave & 63rd St",581
"196","casual","Cottage Grove Ave & 67th St",222
"197","casual","Cottage Grove Ave & 71st St",141
"198","casual","Cottage Grove Ave & 78th St",181
"199","casual","Cottage Grove Ave & 83rd St",181
"200","casual","Cottage Grove Ave & Oakwood Blvd",1161
"201","casual","Daley Center Plaza",6703
"202","casual","Damen Ave & 33rd St",19
"203","casual","Damen Ave & 51st St",97
"204","casual","Damen Ave & 59th St",118
"205","casual","Damen Ave & Charleston St",3247
"206","casual","Damen Ave & Chicago Ave",5369
"207","casual","Damen Ave & Clybourn Ave",2070
"208","casual","Damen Ave & Cortland St",6283
"209","casual","Damen Ave & Coulter St",310
"210","casual","Damen Ave & Cullerton St",1312
"211","casual","Damen Ave & Division St",5200
"212","casual","Damen Ave & Foster Ave",1738
"213","casual","Damen Ave & Grand Ave",2621
"214","casual","Damen Ave & Leland Ave",1859
"215","casual","Damen Ave & Madison St",1682
"216","casual","Damen Ave & Melrose Ave",2033
"217","casual","Damen Ave & Pershing Rd",290
"218","casual","Damen Ave & Pierce Ave",11225
"219","casual","Damen Ave & Sunnyside Ave",1258
"220","casual","Damen Ave & Thomas St (Augusta Blvd)",3672
"221","casual","Damen Ave & Wabansia Ave",614
"222","casual","Damen Ave & Walnut (Lake) St",1384
"223","casual","Damen Ave & Wellington Ave",2410
"224","casual","Dauphin Ave & 103rd St",110
"225","casual","Dauphin Ave & 87th St",233
"226","casual","Dayton St & North Ave",5776
"227","casual","Dearborn Pkwy & Delaware Pl",10075
"228","casual","Dearborn St & Adams St",3688
"229","casual","Dearborn St & Erie St",12527
"230","casual","Dearborn St & Monroe St",6881
"231","casual","Dearborn St & Van Buren St",3828
"232","casual","Delano Ct & Roosevelt Rd",3371
"233","casual","Desplaines St & Jackson Blvd",3528
"234","casual","Desplaines St & Kinzie St",9137
"235","casual","Desplaines St & Randolph St",5582
"236","casual","DIVVY CASSETTE REPAIR MOBILE STATION",4
"237","casual","Dodge Ave & Church St",321
"238","casual","Dodge Ave & Main St",247
"239","casual","Dodge Ave & Mulford St",319
"240","casual","Dorchester Ave & 49th St",630
"241","casual","Dorchester Ave & 63rd St",611
"242","casual","Doty Ave & 111th St",22
"243","casual","Drake Ave & Addison St",485
"244","casual","Drake Ave & Montrose Ave",505
"245","casual","Dusable Harbor",15193
"246","casual","DuSable Lake Shore Dr & Belmont Ave",6046
"247","casual","DuSable Lake Shore Dr & Diversey Pkwy",5581
"248","casual","DuSable Lake Shore Dr & Monroe St",16338
"249","casual","DuSable Lake Shore Dr & North Blvd",14818
"250","casual","DuSable Lake Shore Dr & Ohio St",6148
"251","casual","DuSable Lake Shore Dr & Wellington Ave",5394
"252","casual","DuSable Museum",444
"253","casual","East End Ave & 87th St",112
"254","casual","Eastlake Ter & Rogers Ave",840
"255","casual","Eberhart Ave & 131st St",110
"256","casual","Eberhart Ave & 61st St",489
"257","casual","Eberhart Ave & 91st St",149
"258","casual","Eckhart Park",4339
"259","casual","Eggleston Ave & 69th St",132
"260","casual","Eggleston Ave & 92nd St",198
"261","casual","Elizabeth (May) St & Fulton St",2177
"262","casual","Elizabeth St & 47th St",63
"263","casual","Elizabeth St & 59th St",38
"264","casual","Elizabeth St & 92nd St",212
"265","casual","Ellis Ave & 53rd St",2147
"266","casual","Ellis Ave & 55th St",3349
"267","casual","Ellis Ave & 58th St",1764
"268","casual","Ellis Ave & 60th St",4632
"269","casual","Ellis Ave & 83rd St",176
"270","casual","Elmwood Ave & Austin St",372
"271","casual","Elston Ave & Cortland St",3062
"272","casual","Elston Ave & George St",31
"273","casual","Elston Ave & Henderson St",32
"274","casual","Elston Ave & Wabansia Ave",1394
"275","casual","Emerald Ave & 28th St",622
"276","casual","Emerald Ave & 31st St",1317
"277","casual","Evans Ave & 75th St",106
"278","casual","Evanston Civic Center",899
"279","casual","Ewing Ave & Burnham Greenway",78
"280","casual","Exchange Ave & 79th St",150
"281","casual","Fairbanks Ct & Grand Ave",12862
"282","casual","Fairbanks St & Superior St",3366
"283","casual","Fairfield Ave & 44th St",17
"284","casual","Fairfield Ave & Roosevelt Rd",343
"285","casual","Federal St & Polk St",8509
"286","casual","Field Blvd & South Water St",6622
"287","casual","Field Museum",7040
"288","casual","Financial Pl & Ida B Wells Dr",2584
"289","casual","Fort Dearborn Dr & 31st St",6198
"290","casual","Francisco Ave & 47th St",10
"291","casual","Francisco Ave & Bloomingdale Ave",7
"292","casual","Francisco Ave & Foster Ave",932
"293","casual","Francisco Ave & Hollywood Ave",5
"294","casual","Francisco Ave & Montrose Ave",8
"295","casual","Franklin St & Adams St (Temp)",4162
"296","casual","Franklin St & Chicago Ave",5075
"297","casual","Franklin St & Illinois St",7078
"298","casual","Franklin St & Jackson Blvd",7853
"299","casual","Franklin St & Lake St",6085
"300","casual","Franklin St & Monroe St",4650
"301","casual","Fullerton & Monitor",3
"302","casual","Glenwood Ave & Morse Ave",1788
"303","casual","Glenwood Ave & Touhy Ave",871
"304","casual","Green St & Madison St",10966
"305","casual","Green St & Randolph St",10228
"306","casual","Greenview Ave & Diversey Pkwy",3451
"307","casual","Greenview Ave & Fullerton Ave",5797
"308","casual","Greenview Ave & Jarvis Ave",947
"309","casual","Greenwood Ave & 47th St",1151
"310","casual","Greenwood Ave & 79th St",153
"311","casual","Greenwood Ave & 91st St",65
"312","casual","Greenwood Ave & 97th St",260
"313","casual","Hale Ave & 107th St",213
"314","casual","Halsted & 63rd - Kennedy-King Vaccination Site",161
"315","casual","Halsted St & 104th St",161
"316","casual","Halsted St & 111th St",149
"317","casual","Halsted St & 18th St",720
"318","casual","Halsted St & 18th St (Temp)",802
"319","casual","Halsted St & 21st St",1175
"320","casual","Halsted St & 35th St",828
"321","casual","Halsted St & 37th St",302
"322","casual","Halsted St & 47th Pl",308
"323","casual","Halsted St & 51st St",68
"324","casual","Halsted St & 56th St",80
"325","casual","Halsted St & 59th St",39
"326","casual","Halsted St & 69th St",71
"327","casual","Halsted St & 73rd St",115
"328","casual","Halsted St & 78th St",108
"329","casual","Halsted St & 96th St",129
"330","casual","Halsted St & Archer Ave",808
"331","casual","Halsted St & Clybourn Ave",7599
"332","casual","Halsted St & Dickens Ave",7806
"333","casual","Halsted St & Maxwell St",2935
"334","casual","Halsted St & North Branch St",1082
"335","casual","Halsted St & Polk St",1929
"336","casual","Halsted St & Roosevelt Rd",1198
"337","casual","Halsted St & Roscoe St",11015
"338","casual","Halsted St & Willow St",4702
"339","casual","Halsted St & Wrightwood Ave",8713
"340","casual","Hamlin Ave & 62nd Pl",18
"341","casual","Hampden Ct & Diversey Ave",253
"342","casual","Harding Ave & 26th St",28
"343","casual","Harlem & Irving Park",92
"344","casual","Harlem Ave & Grace St",52
"345","casual","Harper Ave & 59th St",1190
"346","casual","Hegewisch Metra Station",63
"347","casual","Hermitage Ave & Polk St",331
"348","casual","Homan Ave & Fillmore St",105
"349","casual","Homewood Ave & 115th St",190
"350","casual","Honore St & Division St",6262
"351","casual","Houston Ave & 92nd St",113
"352","casual","Hoyne Ave & 34th St",17
"353","casual","Hoyne Ave & 47th St",196
"354","casual","Hoyne Ave & Balmoral Ave",883
"355","casual","Humboldt Blvd & Armitage Ave",3516
"356","casual","Indiana Ave & 103rd St",115
"357","casual","Indiana Ave & 133rd St",3
"358","casual","Indiana Ave & 26th St",921
"359","casual","Indiana Ave & 31st St",1004
"360","casual","Indiana Ave & 40th St",310
"361","casual","Indiana Ave & Roosevelt Rd",16596
"362","casual","Jefferson St & Monroe St",3157
"363","casual","Jeffery Blvd & 67th St",564
"364","casual","Jeffery Blvd & 71st St",313
"365","casual","Jeffery Blvd & 76th St",175
"366","casual","Karlov Ave & Madison St",110
"367","casual","Kedzie Ave & 104th St",47
"368","casual","Kedzie Ave & 110th St",120
"369","casual","Kedzie Ave & 21st St",256
"370","casual","Kedzie Ave & 24th St",135
"371","casual","Kedzie Ave & 45th St",3
"372","casual","Kedzie Ave & 48th Pl",104
"373","casual","Kedzie Ave & 52nd St",51
"374","casual","Kedzie Ave & 57th St",46
"375","casual","Kedzie Ave & Bryn Mawr Ave",496
"376","casual","Kedzie Ave & Chicago Ave",450
"377","casual","Kedzie Ave & Foster Ave",617
"378","casual","Kedzie Ave & George St",26
"379","casual","Kedzie Ave & Harrison St",174
"380","casual","Kedzie Ave & Lake St",537
"381","casual","Kedzie Ave & Leland Ave",729
"382","casual","Kedzie Ave & Milwaukee Ave",6850
"383","casual","Kedzie Ave & Palmer Ct",2301
"384","casual","Kedzie Ave & Roosevelt Rd",292
"385","casual","Keeler Ave & Roosevelt Rd",56
"386","casual","Kenneth Ave & 50th St",8
"387","casual","Kenosha & Wellington",48
"388","casual","Kenton Ave & Madison St",92
"389","casual","Keystone Ave & Fullerton Ave",653
"390","casual","Keystone Ave & Montrose Ave",482
"391","casual","Kilbourn & Belden",83
"392","casual","Kilbourn & Roscoe",116
"393","casual","Kilbourn Ave & Irving Park Rd",225
"394","casual","Kilbourn Ave & Milwaukee Ave",213
"395","casual","Kildare Ave & 26th St",15
"396","casual","Kildare Ave & 47th St",8
"397","casual","Kildare Ave & 55th St",14
"398","casual","Kildare Ave & Chicago Ave",21
"399","casual","Kildare Ave & Division St",45
"400","casual","Kildare Ave & Montrose Ave",337
"401","casual","Kilpatrick Ave & Grand Ave",28
"402","casual","Kilpatrick Ave & Parker Ave",120
"403","casual","Kimball Ave & Belmont Ave",1183
"404","casual","Kimbark Ave & 53rd St",5009
"405","casual","Kingsbury St & Erie St",6430
"406","casual","Kingsbury St & Kinzie St",10016
"407","casual","Knox Ave & Montrose Ave",339
"408","casual","Komensky Ave & 31st St",65
"409","casual","Komensky Ave & 55th St",25
"410","casual","Kosciuszko Park",1291
"411","casual","Kostner Ave & 63rd St",22
"412","casual","Kostner Ave & Adams St",89
"413","casual","Kostner Ave & Lake St",104
"414","casual","Kostner Ave & Wrightwood Ave",185
"415","casual","Laflin St & Cullerton St",1292
"416","casual","Lake Park Ave & 35th St",2396
"417","casual","Lake Park Ave & 47th St",1518
"418","casual","Lake Park Ave & 53rd St",3548
"419","casual","Lake Park Ave & 56th St",2531
"420","casual","Lake Shore Dr & Belmont Ave",5628
"421","casual","Lake Shore Dr & Diversey Pkwy",5856
"422","casual","Lake Shore Dr & Monroe St",19421
"423","casual","Lake Shore Dr & North Blvd",14789
"424","casual","Lake Shore Dr & Ohio St",6249
"425","casual","Lake Shore Dr & Wellington Ave",5146
"426","casual","Lakefront Trail & Bryn Mawr Ave",7768
"427","casual","Lakefront Trail & Wilson Ave",4611
"428","casual","Lakeview Ave & Fullerton Pkwy",12171
"429","casual","Lamon Ave & Armitage Ave",182
"430","casual","Lamon Ave & Belmont Ave",132
"431","casual","Lamon Ave & Chicago Ave",21
"432","casual","Laramie Ave & Gladys Ave",66
"433","casual","Laramie Ave & Kinzie St",165
"434","casual","Laramie Ave & Madison St",125
"435","casual","Larrabee St & Armitage Ave",4619
"436","casual","Larrabee St & Division St",5182
"437","casual","Larrabee St & Kingsbury St",4739
"438","casual","Larrabee St & Menomonee St",2178
"439","casual","Larrabee St & North Ave",3436
"440","casual","Larrabee St & Oak St",2448
"441","casual","Larrabee St & Webster Ave",13332
"442","casual","LaSalle Dr & Huron St",6804
"443","casual","LaSalle St & Adams St",2523
"444","casual","LaSalle St & Illinois St",12701
"445","casual","LaSalle St & Jackson Blvd",3500
"446","casual","LaSalle St & Washington St",3461
"447","casual","Latrobe Ave & Chicago Ave",119
"448","casual","Lavergne & Fullerton",108
"449","casual","Lavergne Ave & 46th St",19
"450","casual","Lavergne Ave & Division St",46
"451","casual","Lawler Ave & 50th St",20
"452","casual","Lawndale Ave & 111th St",250
"453","casual","Lawndale Ave & 16th St",49
"454","casual","Lawndale Ave & 30th St",77
"455","casual","Leamington Ave & Hirsch St",33
"456","casual","Leavitt St & Addison St",1169
"457","casual","Leavitt St & Archer Ave",411
"458","casual","Leavitt St & Armitage Ave",2691
"459","casual","Leavitt St & Belmont Ave",1953
"460","casual","Leavitt St & Chicago Ave",2036
"461","casual","Leavitt St & Division St",1878
"462","casual","Leavitt St & Lawrence Ave",1050
"463","casual","Leavitt St & North Ave",3470
"464","casual","Lincoln Ave & Addison St",1670
"465","casual","Lincoln Ave & Balmoral Ave",26
"466","casual","Lincoln Ave & Belle Plaine Ave",2275
"467","casual","Lincoln Ave & Belmont Ave",4547
"468","casual","Lincoln Ave & Diversey Pkwy",6586
"469","casual","Lincoln Ave & Fullerton Ave",11173
"470","casual","Lincoln Ave & Peterson Ave",12
"471","casual","Lincoln Ave & Roscoe St",4995
"472","casual","Lincoln Ave & Sunnyside Ave",1900
"473","casual","Lincoln Ave & Waveland Ave",1946
"474","casual","Lincoln Ave & Winona St",1075
"475","casual","Lincoln Park Conservatory",9402
"476","casual","Lincolnwood Dr & Central St",267
"477","casual","Lockwood Ave & Wrightwood Ave",143
"478","casual","Logan Blvd & Elston Ave",3009
"479","casual","Long & Irving Park",214
"480","casual","Long Ave & Belden Ave",106
"481","casual","Long Ave & Belmont Ave",118
"482","casual","Long Ave & North Ave",46
"483","casual","Loomis Blvd & 84th St",165
"484","casual","Loomis St & 89th St",158
"485","casual","Loomis St & Archer Ave",518
"486","casual","Loomis St & Jackson Blvd",2130
"487","casual","Loomis St & Lexington St",2763
"488","casual","Major Ave & Bloomingdale Ave",53
"489","casual","Major Taylor Trail & 115th St",184
"490","casual","Major Taylor Trail & 124th St",112
"491","casual","Malcolm X College Vaccination Site",953
"492","casual","Manor Ave & Leland Ave",597
"493","casual","Maplewood Ave & 59th St",30
"494","casual","Maplewood Ave & Peterson Ave",411
"495","casual","Marine Dr & Ainslie St",4223
"496","casual","Marquette Ave & 89th St",133
"497","casual","Marshfield Ave & 44th St",99
"498","casual","Marshfield Ave & 59th St",54
"499","casual","Marshfield Ave & Cortland St",718
"500","casual","Maryland Ave & 104th St",55
"501","casual","Mason Ave & Belmont Ave",116
"502","casual","May St & 69th St",155
"503","casual","May St & Cullerton St",1027
"504","casual","May St & Taylor St",2572
"505","casual","McClurg Ct & Erie St",8015
"506","casual","McClurg Ct & Ohio St",102
"507","casual","McCormick Place",3199
"508","casual","Meade Ave & Addison St",102
"509","casual","Meade Ave & Diversey Ave",97
"510","casual","Menard Ave & Division St",44
"511","casual","Menard Ave & North Ave",10
"512","casual","Michigan Ave & 114th St",94
"513","casual","Michigan Ave & 14th St",5700
"514","casual","Michigan Ave & 18th St",3810
"515","casual","Michigan Ave & 71st St",108
"516","casual","Michigan Ave & 8th St",13622
"517","casual","Michigan Ave & Ida B Wells Dr",5299
"518","casual","Michigan Ave & Jackson Blvd",8225
"519","casual","Michigan Ave & Lake St",14709
"520","casual","Michigan Ave & Madison St",6841
"521","casual","Michigan Ave & Oak St",29757
"522","casual","Michigan Ave & Pearson St",7997
"523","casual","Michigan Ave & Washington St",14272
"524","casual","Mies van der Rohe Way & Chestnut St",8257
"525","casual","Mies van der Rohe Way & Chicago Ave",6416
"526","casual","Millard Ave & 26th St",214
"527","casual","Millennium Park",33539
"528","casual","Milwaukee Ave & Cuyler Ave",367
"529","casual","Milwaukee Ave & Fullerton Ave",112
"530","casual","Milwaukee Ave & Grand Ave",8314
"531","casual","Milwaukee Ave & Rockwell St",2357
"532","casual","Milwaukee Ave & Wabansia Ave",5824
"533","casual","MLK Jr Dr & 29th St",1715
"534","casual","MLK Jr Dr & 47th St",726
"535","casual","MLK Jr Dr & 56th St",283
"536","casual","MLK Jr Dr & 63rd St",270
"537","casual","MLK Jr Dr & 83rd St",57
"538","casual","MLK Jr Dr & Pershing Rd",795
"539","casual","Monticello Ave & Chicago Ave",40
"540","casual","Monticello Ave & Irving Park Rd",808
"541","casual","Montrose Harbor",11803
"542","casual","Morgan Ave & 14th Pl",1098
"543","casual","Morgan St & 18th St",2211
"544","casual","Morgan St & 31st St",1287
"545","casual","Morgan St & Lake St",9283
"546","casual","Morgan St & Pershing Rd",106
"547","casual","Morgan St & Polk St",1848
"548","casual","Mozart St & Jackson Blvd",4
"549","casual","Mulligan Ave & Wellington Ave",121
"550","casual","Museum of Science and Industry",3524
"551","casual","N Carpenter St & W Lake St",144
"552","casual","N Clark St & W Elm St",5
"553","casual","N Damen Ave & W Chicago Ave",10
"554","casual","N Green St & W Lake St",1361
"555","casual","N Paulina St & Lincoln Ave",113
"556","casual","N Sheffield Ave & W Wellington Ave",446
"557","casual","N Shore Channel Trail & Argyle Ave",3
"558","casual","N Southport Ave & W Newport Ave",294
"559","casual","Narragansett & Irving Park",84
"560","casual","Narragansett & McLean",46
"561","casual","Narragansett & Wrightwood",166
"562","casual","Narragansett Ave & School St",101
"563","casual","New St & Illinois St",15427
"564","casual","Noble St & Milwaukee Ave",3602
"565","casual","Nordica & Medill",74
"566","casual","Normal Ave & Archer Ave",349
"567","casual","North Ave & New England Ave",34
"568","casual","Oak Park & Wellington",77
"569","casual","Oakley Ave & Irving Park Rd",1130
"570","casual","Oakley Ave & Touhy Ave",341
"571","casual","Ogden Ave & Chicago Ave",5242
"572","casual","Ogden Ave & Congress Pkwy",760
"573","casual","Ogden Ave & Race Ave",3745
"574","casual","Ogden Ave & Roosevelt Rd",708
"575","casual","Oglesby Ave & 100th St",104
"576","casual","Oketo Ave & Addison St",76
"577","casual","Olive Harvey College",2
"578","casual","Orange & Addison",59
"579","casual","Orleans St & Chestnut St (NEXT Apts)",4814
"580","casual","Orleans St & Elm St",2393
"581","casual","Orleans St & Hubbard St",3478
"582","casual","Orleans St & Merchandise Mart Plaza",6747
"583","casual","Panama Ave & Grace St",24
"584","casual","Parkside Ave & Armitage Ave",46
"585","casual","Paulina Ave & North Ave",4656
"586","casual","Paulina St & 18th St",1905
"587","casual","Paulina St & Flournoy St",1981
"588","casual","Paulina St & Howard St",961
"589","casual","Paulina St & Montrose Ave",1287
"590","casual","Pawel Bialowas - Test- PBSC charging station",1
"591","casual","Peoria St & Jackson Blvd",5356
"592","casual","Perry Ave & 69th St",215
"593","casual","Phillips Ave & 79th St",241
"594","casual","Phillips Ave & 83rd St",99
"595","casual","Pine Grove Ave & Irving Park Rd",6470
"596","casual","Pine Grove Ave & Waveland Ave",8493
"597","casual","Ping Tom Park (East)",9
"598","casual","Plainfield & Irving Park",62
"599","casual","Prairie Ave & 43rd St",728
"600","casual","Prairie Ave & Garfield Blvd",721
"601","casual","Princeton Ave & 47th St",317
"602","casual","Princeton Ave & Garfield Blvd",234
"603","casual","Prospect Sq & 91st St",250
"604","casual","Pulaski & Ann Lurie Pl",9
"605","casual","Pulaski Rd & 21st St",93
"606","casual","Pulaski Rd & 51st St",50
"607","casual","Pulaski Rd & 60th St",18
"608","casual","Pulaski Rd & Congress Pkwy",169
"609","casual","Pulaski Rd & Eddy St (Temp)",376
"610","casual","Pulaski Rd & Lake St",192
"611","casual","Racine Ave & 13th St",667
"612","casual","Racine Ave & 15th St",1320
"613","casual","Racine Ave & 18th St",3015
"614","casual","Racine Ave & 35th St",525
"615","casual","Racine Ave & 61st St",30
"616","casual","Racine Ave & 65th St",52
"617","casual","Racine Ave & Belmont Ave",7496
"618","casual","Racine Ave & Congress Pkwy",1539
"619","casual","Racine Ave & Fullerton Ave",5043
"620","casual","Racine Ave & Garfield Blvd",108
"621","casual","Racine Ave & Randolph St",2317
"622","casual","Racine Ave & Washington Blvd",2120
"623","casual","Racine Ave & Wrightwood Ave",3452
"624","casual","Rainbow Beach",226
"625","casual","Ravenswood Ave & Berteau Ave",1093
"626","casual","Ravenswood Ave & Irving Park Rd",1916
"627","casual","Ravenswood Ave & Lawrence Ave",4575
"628","casual","Rhodes Ave & 32nd St",1322
"629","casual","Rhodes Ave & 71st St",86
"630","casual","Richmond St & 59th St",28
"631","casual","Richmond St & Diversey Ave",1230
"632","casual","Richmond St & Lincoln Ave",3
"633","casual","Ridge Blvd & Howard St",341
"634","casual","Ridge Blvd & Touhy Ave",412
"635","casual","Ritchie Ct & Banks St",6762
"636","casual","Rockwell St & 57th St",41
"637","casual","Rockwell St & Archer Ave",44
"638","casual","Rockwell St & Cermak Rd",35
"639","casual","Rockwell St & Eastwood Ave",809
"640","casual","Rockwell St & Fletcher St",51
"641","casual","Roscoe & Harlem",51
"642","casual","Rush St & Cedar St",9625
"643","casual","Rush St & Hubbard St",4519
"644","casual","Rush St & Superior St",9151
"645","casual","S Aberdeen St & W 106th St",29
"646","casual","S Michigan Ave & E 118th St",14
"647","casual","S Wentworth Ave & W 111th St",25
"648","casual","Sacramento Ave & 25th St",1
"649","casual","Sacramento Ave & Pershing Rd",26
"650","casual","Sacramento Blvd & Addison St",23
"651","casual","Sacramento Blvd & Franklin Blvd",165
"652","casual","Sacramento Blvd & Fulton Ave",9
"653","casual","Sacramento Blvd & Polk St",5
"654","casual","Sangamon St & Washington Blvd",4309
"655","casual","Sawyer Ave & Irving Park Rd",703
"656","casual","Sayre & Diversey",61
"657","casual","Sedgwick St & Huron St",4331
"658","casual","Sedgwick St & North Ave",8077
"659","casual","Sedgwick St & Schiller St",2812
"660","casual","Sedgwick St & Webster Ave",7080
"661","casual","Seeley Ave & Garfield Blvd",51
"662","casual","Seeley Ave & Roscoe St",2777
"663","casual","Shabbona Park",2
"664","casual","Shedd Aquarium",23285
"665","casual","Sheffield Ave & Fullerton Ave",7165
"666","casual","Sheffield Ave & Kingsbury St",5157
"667","casual","Sheffield Ave & Waveland Ave",10942
"668","casual","Sheffield Ave & Webster Ave",7979
"669","casual","Sheffield Ave & Wellington Ave",8019
"670","casual","Sheffield Ave & Willow St",4962
"671","casual","Sheffield Ave & Wrightwood Ave",8300
"672","casual","Sheridan Rd & Buena Ave",3526
"673","casual","Sheridan Rd & Columbia Ave",1548
"674","casual","Sheridan Rd & Greenleaf Ave",1193
"675","casual","Sheridan Rd & Irving Park Rd",6031
"676","casual","Sheridan Rd & Lawrence Ave",2532
"677","casual","Sheridan Rd & Loyola Ave",2432
"678","casual","Sheridan Rd & Montrose Ave",6291
"679","casual","Sheridan Rd & Noyes St (NU)",2788
"680","casual","Shields Ave & 28th Pl",654
"681","casual","Shields Ave & 31st St",672
"682","casual","Shields Ave & 43rd St",104
"683","casual","Shore Dr & 55th St",6753
"684","casual","Smith Park",938
"685","casual","South Chicago Ave & 83rd St",103
"686","casual","South Chicago Ave & Elliot Ave",44
"687","casual","South Shore Dr & 67th St",874
"688","casual","South Shore Dr & 71st St",1037
"689","casual","South Shore Dr & 74th St",379
"690","casual","Southport Ave & Belmont Ave",5400
"691","casual","Southport Ave & Clark St",1448
"692","casual","Southport Ave & Clybourn Ave",4429
"693","casual","Southport Ave & Irving Park Rd",2935
"694","casual","Southport Ave & Roscoe St",9324
"695","casual","Southport Ave & Waveland Ave",7919
"696","casual","Southport Ave & Wellington Ave",5751
"697","casual","Southport Ave & Wrightwood Ave",6719
"698","casual","Spaulding Ave & 16th St",81
"699","casual","Spaulding Ave & 63rd St",20
"700","casual","Spaulding Ave & Armitage Ave",2293
"701","casual","Spaulding Ave & Division St",1084
"702","casual","Springfield Ave & 47th St",20
"703","casual","St Louis Ave & 59th St",16
"704","casual","St Louis Ave & Norman Bobbins Ave",29
"705","casual","St. Clair St & Erie St",10980
"706","casual","St. Louis Ave & Balmoral Ave",439
"707","casual","St. Louis Ave & Fullerton Ave",1592
"708","casual","State St & 123rd St",257
"709","casual","State St & 19th St",1623
"710","casual","State St & 29th St",384
"711","casual","State St & 33rd St",1504
"712","casual","State St & 35th St",1102
"713","casual","State St & 54th St",172
"714","casual","State St & 76th St",38
"715","casual","State St & 79th St",317
"716","casual","State St & 95th St",542
"717","casual","State St & Chicago Ave",27
"718","casual","State St & Harrison St",5016
"719","casual","State St & Kinzie St",10085
"720","casual","State St & Pearson St",5396
"721","casual","State St & Pershing Rd",120
"722","casual","State St & Randolph St",9887
"723","casual","State St & Van Buren St",3914
"724","casual","Stave St & Armitage Ave",2445
"725","casual","Stetson Ave & South Water St",6149
"726","casual","Stewart Ave & 63rd St",145
"727","casual","Stewart Ave & 83rd St",190
"728","casual","Stockton Dr & Wrightwood Ave",8942
"729","casual","Stony Island Ave & 64th St",397
"730","casual","Stony Island Ave & 67th St",338
"731","casual","Stony Island Ave & 71st St",380
"732","casual","Stony Island Ave & 75th St",242
"733","casual","Stony Island Ave & 82nd St",164
"734","casual","Stony Island Ave & 90th St",149
"735","casual","Stony Island Ave & South Chicago Ave",150
"736","casual","Streeter Dr & Grand Ave",66394
"737","casual","Summit Ave & 86th St",105
"738","casual","Talman Ave & Addison St",1225
"739","casual","Theater on the Lake",21309
"740","casual","Throop St & 52nd St",74
"741","casual","Throop St & Taylor St",1619
"742","casual","Torrence Ave & 106th St",82
"743","casual","Torrence Ave & 126th Pl",74
"744","casual","Tripp Ave & 15th St",34
"745","casual","Tripp Ave & 31st St",101
"746","casual","Tripp Ave & 65th St",28
"747","casual","Troy St & Elston Ave",1080
"748","casual","Troy St & Grace St",42
"749","casual","Troy St & North Ave",1822
"750","casual","Union Ave & Root St",244
"751","casual","University Ave & 57th St",4223
"752","casual","University Library (NU)",1338
"753","casual","Valli Produce - Evanston Plaza",582
"754","casual","Vernon Ave & 107th St",130
"755","casual","Vernon Ave & 75th St",173
"756","casual","Vernon Ave & 79th St",186
"757","casual","Vincennes Ave & 104th St",108
"758","casual","Vincennes Ave & 75th St",103
"759","casual","Virginia Ave & Catalpa Ave",9
"760","casual","W 103rd St & S Avers Ave",78
"761","casual","W Armitage Ave & N Sheffield Ave",513
"762","casual","W Oakdale Ave & N Broadway",1168
"763","casual","W Washington Blvd & N Peoria St",95
"764","casual","Wabash Ave & 16th St",3330
"765","casual","Wabash Ave & 83rd St",56
"766","casual","Wabash Ave & 87th St",293
"767","casual","Wabash Ave & 9th St",8294
"768","casual","Wabash Ave & Adams St",5506
"769","casual","Wabash Ave & Cermak Rd",2128
"770","casual","Wabash Ave & Grand Ave",16166
"771","casual","Wabash Ave & Roosevelt Rd",9933
"772","casual","Wabash Ave & Wacker Pl",10482
"773","casual","Wacker Dr & Washington St",2998
"774","casual","Walden Pkwy & 100th St",271
"775","casual","Wallace St & 35th St",710
"776","casual","Walsh Park",3629
"777","casual","Warren Park East",499
"778","casual","Warren Park West",794
"779","casual","Washtenaw Ave & Lawrence Ave",1169
"780","casual","Washtenaw Ave & Madison St",3
"781","casual","Washtenaw Ave & Ogden Ave",560
"782","casual","Washtenaw Ave & Peterson Ave",12
"783","casual","Washtenaw Ave & Polk St",4
"784","casual","Wells St & 19th St",1556
"785","casual","Wells St & Concord Ln",19885
"786","casual","Wells St & Elm St",16644
"787","casual","Wells St & Evergreen Ave",13135
"788","casual","Wells St & Hubbard St",9712
"789","casual","Wells St & Huron St",12189
"790","casual","Wells St & Polk St",5750
"791","casual","Wells St & Walton St",3943
"792","casual","Wentworth Ave & 104th St",91
"793","casual","Wentworth Ave & 24th St (Temp)",1070
"794","casual","Wentworth Ave & 33rd St",893
"795","casual","Wentworth Ave & 35th St",868
"796","casual","Wentworth Ave & 63rd St",293
"797","casual","Wentworth Ave & Cermak Rd",5637
"798","casual","WEST CHI-WATSON",83
"799","casual","Western & 28th - Velasquez Institute Vaccination Site",72
"800","casual","Western Ave & 104th St",203
"801","casual","Western Ave & 111th St",256
"802","casual","Western Ave & 21st St",749
"803","casual","Western Ave & 24th St",394
"804","casual","Western Ave & 62nd St",18
"805","casual","Western Ave & Ardmore Ave",6
"806","casual","Western Ave & Congress Pkwy",1052
"807","casual","Western Ave & Division St",2913
"808","casual","Western Ave & Fillmore St",1099
"809","casual","Western Ave & Grace St",13
"810","casual","Western Ave & Granville Ave",734
"811","casual","Western Ave & Gunnison St",39
"812","casual","Western Ave & Howard St",473
"813","casual","Western Ave & Lake St",10
"814","casual","Western Ave & Leland Ave",2503
"815","casual","Western Ave & Lunt Ave",507
"816","casual","Western Ave & Monroe St",883
"817","casual","Western Ave & Roscoe St",1159
"818","casual","Western Ave & Walton St",3580
"819","casual","Western Ave & Winnebago Ave",4622
"820","casual","Western Blvd & 48th Pl",304
"821","casual","Whipple St & Roosevelt Rd",2
"822","casual","Whipple/Irving Park",20
"823","casual","Wilton Ave & Belmont Ave",12996
"824","casual","Wilton Ave & Diversey Pkwy",8620
"825","casual","Winchester (Ravenswood) Ave & Balmoral Ave",710
"826","casual","Winchester Ave & Elston Ave",1666
"827","casual","Winthrop Ave & Lawrence Ave",2997
"828","casual","Wolcott (Ravenswood) Ave & Montrose Ave",1816
"829","casual","Wolcott Ave & Fargo Ave",290
"830","casual","Wolcott Ave & Polk St",1609
"831","casual","Wood St & 35th St",385
"832","casual","Wood St & Augusta Blvd",2372
"833","casual","Wood St & Chicago Ave",2884
"834","casual","Wood St & Hubbard St",1839
"835","casual","Wood St & Milwaukee Ave",7730
"836","casual","Wood St & Taylor St (Temp)",1076
"837","casual","Woodlawn & 103rd - Olive Harvey Vaccination Site",37
"838","casual","Woodlawn Ave & 55th St",2752
"839","casual","Woodlawn Ave & 75th St",52
"840","casual","Woodlawn Ave & Lake Park Ave",892
"841","casual","Yates Blvd & 75th St",168
"842","casual","Yates Blvd & 93rd St",94
"843","member","",379052
"844","member","2112 W Peterson Ave",595
"845","member","63rd St Beach",618
"846","member","900 W Harrison St",5924
"847","member","Aberdeen St & Jackson Blvd",8368
"848","member","Aberdeen St & Monroe St",7209
"849","member","Aberdeen St & Randolph St",6213
"850","member","Ada St & 113th St",51
"851","member","Ada St & Washington Blvd",6016
"852","member","Adler Planetarium",5403
"853","member","Albany Ave & 26th St",139
"854","member","Albany Ave & Belmont Ave",68
"855","member","Albany Ave & Bloomingdale Ave",2705
"856","member","Albany Ave & Montrose Ave",1296
"857","member","Altgeld Gardens",7
"858","member","Archer (Damen) Ave & 37th St",222
"859","member","Archer Ave & 43rd St",13
"860","member","Artesian Ave & 55th St",2
"861","member","Artesian Ave & Hubbard St",2063
"862","member","Ashland Ave & 13th St",2159
"863","member","Ashland Ave & 50th St",30
"864","member","Ashland Ave & 63rd St",74
"865","member","Ashland Ave & 66th St",47
"866","member","Ashland Ave & 74th St",36
"867","member","Ashland Ave & 78th St",50
"868","member","Ashland Ave & Archer Ave",623
"869","member","Ashland Ave & Augusta Blvd",5559
"870","member","Ashland Ave & Belle Plaine Ave",1678
"871","member","Ashland Ave & Blackhawk St",6107
"872","member","Ashland Ave & Chicago Ave",5970
"873","member","Ashland Ave & Division St",14456
"874","member","Ashland Ave & Garfield Blvd",19
"875","member","Ashland Ave & Grace St",4436
"876","member","Ashland Ave & Grand Ave",3541
"877","member","Ashland Ave & Lake St",2644
"878","member","Ashland Ave & McDowell Ave",166
"879","member","Ashland Ave & Pershing Rd",224
"880","member","Ashland Ave & Wellington Ave",4103
"881","member","Ashland Ave & Wrightwood Ave",3992
"882","member","Augusta Blvd & Laramie Ave",1
"883","member","Austin Blvd & Chicago Ave",146
"884","member","Austin Blvd & Lake St",194
"885","member","Austin Blvd & Madison St",132
"886","member","Avenue L & 114th St",1
"887","member","Avenue O & 118th St",15
"888","member","Avenue O & 134th St",14
"889","member","Avers Ave & Belmont Ave",959
"890","member","Avondale Ave & Irving Park Rd",791
"891","member","Baltimore Ave & 87th St",78
"892","member","Base - 2132 W Hubbard Warehouse",297
"893","member","Bennett Ave & 79th St",24
"894","member","Benson Ave & Church St",3546
"895","member","Bernard St & Elston Ave",877
"896","member","Big Marsh Park",64
"897","member","Bissell St & Armitage Ave",11291
"898","member","Blackstone Ave & Hyde Park Blvd",2949
"899","member","Bloomingdale Ave & Harlem Ave",10
"900","member","Blue Island Ave & 18th St",3418
"901","member","Bosworth Ave & Howard St",613
"902","member","Bradley Park",15
"903","member","Broadway & Argyle St",5598
"904","member","Broadway & Barry Ave",17757
"905","member","Broadway & Belmont Ave",9882
"906","member","Broadway & Berwyn Ave",5764
"907","member","Broadway & Cornelia Ave",12792
"908","member","Broadway & Granville Ave",4610
"909","member","Broadway & Ridge Ave",4479
"910","member","Broadway & Sheridan Rd",8480
"911","member","Broadway & Thorndale Ave",4298
"912","member","Broadway & Waveland Ave",13467
"913","member","Broadway & Wilson - Truman College Vaccination Site",5984
"914","member","Buckingham Fountain",2051
"915","member","Budlong Woods Library",576
"916","member","Burling St & Diversey Pkwy",9167
"917","member","Burnham Greenway & 105th St",42
"918","member","Burnham Harbor",8390
"919","member","California Ave & 21st St",750
"920","member","California Ave & 23rd Pl",623
"921","member","California Ave & 26th St",185
"922","member","California Ave & 29th St",1
"923","member","California Ave & 36th St",2
"924","member","California Ave & Altgeld St",2371
"925","member","California Ave & Byron St",1270
"926","member","California Ave & Cortez St",2980
"927","member","California Ave & Division St",2047
"928","member","California Ave & Fletcher St",1767
"929","member","California Ave & Francis Pl (Temp)",2384
"930","member","California Ave & Lake St",469
"931","member","California Ave & Marquette Rd",1
"932","member","California Ave & Milwaukee Ave",5809
"933","member","California Ave & Montrose Ave",1904
"934","member","California Ave & North Ave",2636
"935","member","California Ave & Winona St",61
"936","member","Calumet Ave & 18th St",5897
"937","member","Calumet Ave & 21st St",1862
"938","member","Calumet Ave & 33rd St",4569
"939","member","Calumet Ave & 35th St",1363
"940","member","Calumet Ave & 51st St",359
"941","member","Calumet Ave & 71st St",19
"942","member","Calumet Park",51
"943","member","Campbell Ave & 51st St",3
"944","member","Campbell Ave & Fullerton Ave",1953
"945","member","Campbell Ave & Montrose Ave",2280
"946","member","Campbell Ave & North Ave",3214
"947","member","Canal St & Adams St",11922
"948","member","Canal St & Harrison St",2042
"949","member","Canal St & Jackson Blvd",4976
"950","member","Canal St & Madison St",8926
"951","member","Canal St & Monroe St",6239
"952","member","Canal St & Taylor St",3450
"953","member","Cannon Dr & Fullerton Ave",2445
"954","member","Carpenter St & 63rd St",13
"955","member","Carpenter St & Huron St",6620
"956","member","Central Ave & Chicago Ave",428
"957","member","Central Ave & Harrison St",60
"958","member","Central Ave & Lake St",119
"959","member","Central Ave & Madison St",153
"960","member","Central Ave & Parker Ave",25
"961","member","Central Ave & Roscoe St",51
"962","member","Central Park & Augusta Blvd",28
"963","member","Central Park Ave & 24th St",66
"964","member","Central Park Ave & Bloomingdale Ave",1395
"965","member","Central Park Ave & Douglas Blvd",12
"966","member","Central Park Ave & Elbridge Ave",1144
"967","member","Central Park Ave & North Ave",375
"968","member","Central Park Ave & Ogden Ave",325
"969","member","Central Park Ave & Ohio St",5
"970","member","Central Park Blvd & 5th Ave",148
"971","member","Central St & Girard Ave",573
"972","member","Central St Metra",773
"973","member","Cherry Ave & Blackhawk St",1153
"974","member","Chicago Ave & Sheridan Rd",1872
"975","member","Chicago Ave & Washington St",2514
"976","member","Chicago State University",499
"977","member","Christiana Ave & Lawrence Ave",822
"978","member","Cicero Ave & Flournoy St",50
"979","member","Cicero Ave & Grace St",19
"980","member","Cicero Ave & Lake St",38
"981","member","Cicero Ave & Quincy St",19
"982","member","Cityfront Plaza Dr & Pioneer Ct",7226
"983","member","Claremont Ave & Hirsch St",1420
"984","member","Clarendon Ave & Gordon Ter",8612
"985","member","Clarendon Ave & Junior Ter",7552
"986","member","Clarendon Ave & Leland Ave",4187
"987","member","Clark St & 9th St (AMLI)",3866
"988","member","Clark St & Armitage Ave",16574
"989","member","Clark St & Berwyn Ave",6008
"990","member","Clark St & Bryn Mawr Ave",4767
"991","member","Clark St & Chicago Ave",8626
"992","member","Clark St & Columbia Ave",1701
"993","member","Clark St & Drummond Pl",13415
"994","member","Clark St & Elm St",24615
"995","member","Clark St & Elmdale Ave",2227
"996","member","Clark St & Grace St",8253
"997","member","Clark St & Ida B Wells Dr",3550
"998","member","Clark St & Jarvis Ave",786
"999","member","Clark St & Lake St",9556
"1000","member","Clark St & Leland Ave",5959
"1001","member","Clark St & Lincoln Ave",16280
"1002","member","Clark St & Lunt Ave",1825
"1003","member","Clark St & Montrose Ave",4150
"1004","member","Clark St & Newport St",10412
"1005","member","Clark St & North Ave",6758
"1006","member","Clark St & Randolph St",10423
"1007","member","Clark St & Schiller St",13350
"1008","member","Clark St & Schreiber Ave",1874
"1009","member","Clark St & Touhy Ave",818
"1010","member","Clark St & Wellington Ave",11612
"1011","member","Clark St & Winnemac Ave",7796
"1012","member","Clark St & Wrightwood Ave",14364
"1013","member","Clifton Ave & Armitage Ave",7567
"1014","member","Clinton St & 18th St",2004
"1015","member","Clinton St & Jackson Blvd",10356
"1016","member","Clinton St & Lake St",12365
"1017","member","Clinton St & Madison St",17120
"1018","member","Clinton St & Polk St",714
"1019","member","Clinton St & Roosevelt Rd",4762
"1020","member","Clinton St & Tilden St",2183
"1021","member","Clinton St & Washington Blvd",15445
"1022","member","Clybourn Ave & Division St",4762
"1023","member","Clyde Ave & 87th St",55
"1024","member","Columbus Dr & Randolph St",13184
"1025","member","Commercial Ave & 100th St",5
"1026","member","Commercial Ave & 130th St",17
"1027","member","Commercial Ave & 83rd St",35
"1028","member","Conservatory Dr & Lake St",370
"1029","member","Constance Ave & 95th St",18
"1030","member","Cornell Ave & Hyde Park Blvd",4871
"1031","member","Cornell Dr & Hayes Dr",166
"1032","member","Cottage Grove Ave & 111th Pl",55
"1033","member","Cottage Grove Ave & 43rd St",368
"1034","member","Cottage Grove Ave & 47th St",537
"1035","member","Cottage Grove Ave & 51st St",521
"1036","member","Cottage Grove Ave & 63rd St",362
"1037","member","Cottage Grove Ave & 67th St",71
"1038","member","Cottage Grove Ave & 71st St",23
"1039","member","Cottage Grove Ave & 78th St",43
"1040","member","Cottage Grove Ave & 83rd St",81
"1041","member","Cottage Grove Ave & Oakwood Blvd",738
"1042","member","Daley Center Plaza",12286
"1043","member","Damen Ave & 33rd St",18
"1044","member","Damen Ave & 51st St",14
"1045","member","Damen Ave & 59th St",26
"1046","member","Damen Ave & Charleston St",3536
"1047","member","Damen Ave & Chicago Ave",7269
"1048","member","Damen Ave & Clybourn Ave",3270
"1049","member","Damen Ave & Cortland St",7110
"1050","member","Damen Ave & Coulter St",345
"1051","member","Damen Ave & Cullerton St",1561
"1052","member","Damen Ave & Division St",6368
"1053","member","Damen Ave & Foster Ave",2412
"1054","member","Damen Ave & Grand Ave",3169
"1055","member","Damen Ave & Leland Ave",4167
"1056","member","Damen Ave & Madison St",1983
"1057","member","Damen Ave & Melrose Ave",1831
"1058","member","Damen Ave & Pershing Rd",238
"1059","member","Damen Ave & Pierce Ave",11267
"1060","member","Damen Ave & Sunnyside Ave",2332
"1061","member","Damen Ave & Thomas St (Augusta Blvd)",4852
"1062","member","Damen Ave & Wabansia Ave",577
"1063","member","Damen Ave & Walnut (Lake) St",1637
"1064","member","Damen Ave & Wellington Ave",2719
"1065","member","Dauphin Ave & 103rd St",20
"1066","member","Dauphin Ave & 87th St",40
"1067","member","Dayton St & North Ave",7051
"1068","member","Dearborn Pkwy & Delaware Pl",14174
"1069","member","Dearborn St & Adams St",5681
"1070","member","Dearborn St & Erie St",19289
"1071","member","Dearborn St & Monroe St",11451
"1072","member","Dearborn St & Van Buren St",4467
"1073","member","Delano Ct & Roosevelt Rd",3833
"1074","member","Desplaines St & Jackson Blvd",8702
"1075","member","Desplaines St & Kinzie St",16752
"1076","member","Desplaines St & Randolph St",7551
"1077","member","Dodge Ave & Church St",477
"1078","member","Dodge Ave & Main St",220
"1079","member","Dodge Ave & Mulford St",266
"1080","member","Dorchester Ave & 49th St",886
"1081","member","Dorchester Ave & 63rd St",272
"1082","member","Doty Ave & 111th St",4
"1083","member","Drake Ave & Addison St",540
"1084","member","Drake Ave & Montrose Ave",885
"1085","member","Dusable Harbor",5526
"1086","member","DuSable Lake Shore Dr & Belmont Ave",6160
"1087","member","DuSable Lake Shore Dr & Diversey Pkwy",5987
"1088","member","DuSable Lake Shore Dr & Monroe St",4924
"1089","member","DuSable Lake Shore Dr & North Blvd",9527
"1090","member","DuSable Lake Shore Dr & Ohio St",4328
"1091","member","DuSable Lake Shore Dr & Wellington Ave",6342
"1092","member","DuSable Museum",435
"1093","member","East End Ave & 87th St",72
"1094","member","Eastlake Ter & Rogers Ave",1779
"1095","member","Eberhart Ave & 131st St",20
"1096","member","Eberhart Ave & 61st St",110
"1097","member","Eberhart Ave & 91st St",43
"1098","member","Eckhart Park",6181
"1099","member","Eggleston Ave & 69th St",13
"1100","member","Eggleston Ave & 92nd St",61
"1101","member","Elizabeth (May) St & Fulton St",3747
"1102","member","Elizabeth St & 47th St",27
"1103","member","Elizabeth St & 59th St",20
"1104","member","Elizabeth St & 92nd St",8
"1105","member","Ellis Ave & 53rd St",4404
"1106","member","Ellis Ave & 55th St",10132
"1107","member","Ellis Ave & 58th St",6096
"1108","member","Ellis Ave & 60th St",14550
"1109","member","Ellis Ave & 83rd St",19
"1110","member","Elmwood Ave & Austin St",720
"1111","member","Elston Ave & Cortland St",3849
"1112","member","Elston Ave & George St",61
"1113","member","Elston Ave & Henderson St",24
"1114","member","Elston Ave & Wabansia Ave",1899
"1115","member","Emerald Ave & 28th St",1949
"1116","member","Emerald Ave & 31st St",4236
"1117","member","Evans Ave & 75th St",45
"1118","member","Evanston Civic Center",701
"1119","member","Ewing Ave & Burnham Greenway",44
"1120","member","Exchange Ave & 79th St",103
"1121","member","Fairbanks Ct & Grand Ave",13327
"1122","member","Fairbanks St & Superior St",6405
"1123","member","Fairfield Ave & 44th St",1
"1124","member","Fairfield Ave & Roosevelt Rd",339
"1125","member","Federal St & Polk St",11194
"1126","member","Field Blvd & South Water St",7216
"1127","member","Field Museum",1646
"1128","member","Financial Pl & Ida B Wells Dr",4881
"1129","member","Fort Dearborn Dr & 31st St",4603
"1130","member","Francisco Ave & 47th St",4
"1131","member","Francisco Ave & Bloomingdale Ave",24
"1132","member","Francisco Ave & Foster Ave",1474
"1133","member","Francisco Ave & Hollywood Ave",3
"1134","member","Francisco Ave & Montrose Ave",17
"1135","member","Franklin St & Adams St (Temp)",5791
"1136","member","Franklin St & Chicago Ave",9829
"1137","member","Franklin St & Illinois St",10659
"1138","member","Franklin St & Jackson Blvd",9663
"1139","member","Franklin St & Lake St",10314
"1140","member","Franklin St & Monroe St",9115
"1141","member","Fullerton & Monitor",2
"1142","member","Glenwood Ave & Morse Ave",2656
"1143","member","Glenwood Ave & Touhy Ave",1295
"1144","member","Green St & Madison St",16096
"1145","member","Green St & Randolph St",11021
"1146","member","Greenview Ave & Diversey Pkwy",4268
"1147","member","Greenview Ave & Fullerton Ave",7863
"1148","member","Greenview Ave & Jarvis Ave",2271
"1149","member","Greenwood Ave & 47th St",992
"1150","member","Greenwood Ave & 79th St",39
"1151","member","Greenwood Ave & 91st St",8
"1152","member","Greenwood Ave & 97th St",38
"1153","member","Hale Ave & 107th St",82
"1154","member","Halsted & 63rd - Kennedy-King Vaccination Site",76
"1155","member","Halsted St & 104th St",30
"1156","member","Halsted St & 111th St",76
"1157","member","Halsted St & 18th St",943
"1158","member","Halsted St & 18th St (Temp)",1028
"1159","member","Halsted St & 21st St",920
"1160","member","Halsted St & 35th St",1091
"1161","member","Halsted St & 37th St",355
"1162","member","Halsted St & 47th Pl",412
"1163","member","Halsted St & 51st St",56
"1164","member","Halsted St & 56th St",25
"1165","member","Halsted St & 59th St",12
"1166","member","Halsted St & 69th St",23
"1167","member","Halsted St & 73rd St",16
"1168","member","Halsted St & 78th St",33
"1169","member","Halsted St & 96th St",92
"1170","member","Halsted St & Archer Ave",1031
"1171","member","Halsted St & Clybourn Ave",12171
"1172","member","Halsted St & Dickens Ave",10141
"1173","member","Halsted St & Maxwell St",5366
"1174","member","Halsted St & North Branch St",1538
"1175","member","Halsted St & Polk St",8176
"1176","member","Halsted St & Roosevelt Rd",3643
"1177","member","Halsted St & Roscoe St",12316
"1178","member","Halsted St & Willow St",7863
"1179","member","Halsted St & Wrightwood Ave",11266
"1180","member","Hampden Ct & Diversey Ave",401
"1181","member","Harding Ave & 26th St",7
"1182","member","Harlem & Irving Park",32
"1183","member","Harlem Ave & Grace St",15
"1184","member","Harper Ave & 59th St",2947
"1185","member","Hastings WH 2",1
"1186","member","Hegewisch Metra Station",21
"1187","member","Hermitage Ave & Polk St",1140
"1188","member","Homan Ave & Fillmore St",11
"1189","member","Homewood Ave & 115th St",27
"1190","member","Honore St & Division St",5992
"1191","member","Houston Ave & 92nd St",39
"1192","member","Hoyne Ave & 34th St",14
"1193","member","Hoyne Ave & 47th St",101
"1194","member","Hoyne Ave & Balmoral Ave",1347
"1195","member","Humboldt Blvd & Armitage Ave",2755
"1196","member","Indiana Ave & 103rd St",33
"1197","member","Indiana Ave & 133rd St",1
"1198","member","Indiana Ave & 26th St",2211
"1199","member","Indiana Ave & 31st St",3129
"1200","member","Indiana Ave & 40th St",346
"1201","member","Indiana Ave & Roosevelt Rd",13073
"1202","member","Jefferson St & Monroe St",5747
"1203","member","Jeffery Blvd & 67th St",209
"1204","member","Jeffery Blvd & 71st St",110
"1205","member","Jeffery Blvd & 76th St",37
"1206","member","Karlov Ave & Madison St",30
"1207","member","Kedzie Ave & 104th St",6
"1208","member","Kedzie Ave & 110th St",19
"1209","member","Kedzie Ave & 21st St",110
"1210","member","Kedzie Ave & 24th St",67
"1211","member","Kedzie Ave & 45th St",1
"1212","member","Kedzie Ave & 48th Pl",27
"1213","member","Kedzie Ave & 52nd St",30
"1214","member","Kedzie Ave & 57th St",6
"1215","member","Kedzie Ave & Bryn Mawr Ave",545
"1216","member","Kedzie Ave & Chicago Ave",364
"1217","member","Kedzie Ave & Foster Ave",661
"1218","member","Kedzie Ave & George St",99
"1219","member","Kedzie Ave & Harrison St",61
"1220","member","Kedzie Ave & Lake St",307
"1221","member","Kedzie Ave & Leland Ave",648
"1222","member","Kedzie Ave & Milwaukee Ave",5454
"1223","member","Kedzie Ave & Palmer Ct",2598
"1224","member","Kedzie Ave & Roosevelt Rd",51
"1225","member","Keeler Ave & Roosevelt Rd",13
"1226","member","Kenneth Ave & 50th St",7
"1227","member","Kenosha & Wellington",43
"1228","member","Kenton Ave & Madison St",23
"1229","member","Keystone Ave & Fullerton Ave",314
"1230","member","Keystone Ave & Montrose Ave",390
"1231","member","Kilbourn & Belden",134
"1232","member","Kilbourn & Roscoe",139
"1233","member","Kilbourn Ave & Irving Park Rd",257
"1234","member","Kilbourn Ave & Milwaukee Ave",174
"1235","member","Kildare Ave & 26th St",6
"1236","member","Kildare Ave & 47th St",1
"1237","member","Kildare Ave & 55th St",1
"1238","member","Kildare Ave & Chicago Ave",6
"1239","member","Kildare Ave & Division St",20
"1240","member","Kildare Ave & Montrose Ave",364
"1241","member","Kilpatrick Ave & Grand Ave",5
"1242","member","Kilpatrick Ave & Parker Ave",96
"1243","member","Kimball Ave & Belmont Ave",1227
"1244","member","Kimbark Ave & 53rd St",8339
"1245","member","Kingsbury St & Erie St",13850
"1246","member","Kingsbury St & Kinzie St",23847
"1247","member","Knox Ave & Montrose Ave",273
"1248","member","Komensky Ave & 31st St",12
"1249","member","Kosciuszko Park",912
"1250","member","Kostner Ave & 63rd St",7
"1251","member","Kostner Ave & Adams St",64
"1252","member","Kostner Ave & Lake St",19
"1253","member","Kostner Ave & Wrightwood Ave",77
"1254","member","Laflin St & Cullerton St",1360
"1255","member","Lake Park Ave & 35th St",1057
"1256","member","Lake Park Ave & 47th St",1365
"1257","member","Lake Park Ave & 53rd St",3440
"1258","member","Lake Park Ave & 56th St",4184
"1259","member","Lake Shore Dr & Belmont Ave",4923
"1260","member","Lake Shore Dr & Diversey Pkwy",5335
"1261","member","Lake Shore Dr & Monroe St",5337
"1262","member","Lake Shore Dr & North Blvd",8667
"1263","member","Lake Shore Dr & Ohio St",4337
"1264","member","Lake Shore Dr & Wellington Ave",5641
"1265","member","Lakefront Trail & Bryn Mawr Ave",9118
"1266","member","Lakefront Trail & Wilson Ave",4985
"1267","member","Lakeview Ave & Fullerton Pkwy",13122
"1268","member","Lamon Ave & Armitage Ave",20
"1269","member","Lamon Ave & Belmont Ave",138
"1270","member","Lamon Ave & Chicago Ave",3
"1271","member","Laramie Ave & Gladys Ave",26
"1272","member","Laramie Ave & Kinzie St",71
"1273","member","Laramie Ave & Madison St",82
"1274","member","Larrabee St & Armitage Ave",6912
"1275","member","Larrabee St & Division St",7435
"1276","member","Larrabee St & Kingsbury St",12210
"1277","member","Larrabee St & Menomonee St",4124
"1278","member","Larrabee St & North Ave",4879
"1279","member","Larrabee St & Oak St",5775
"1280","member","Larrabee St & Webster Ave",14720
"1281","member","LaSalle Dr & Huron St",8898
"1282","member","LaSalle St & Adams St",3334
"1283","member","LaSalle St & Illinois St",12665
"1284","member","LaSalle St & Jackson Blvd",8820
"1285","member","LaSalle St & Washington St",6942
"1286","member","Latrobe Ave & Chicago Ave",40
"1287","member","Lavergne & Fullerton",68
"1288","member","Lavergne Ave & 46th St",16
"1289","member","Lavergne Ave & Division St",5
"1290","member","Lawler Ave & 50th St",20
"1291","member","Lawndale Ave & 111th St",17
"1292","member","Lawndale Ave & 16th St",23
"1293","member","Lawndale Ave & 30th St",7
"1294","member","Leamington Ave & Hirsch St",2
"1295","member","Leavitt St & Addison St",1598
"1296","member","Leavitt St & Archer Ave",502
"1297","member","Leavitt St & Armitage Ave",3391
"1298","member","Leavitt St & Belmont Ave",2449
"1299","member","Leavitt St & Chicago Ave",2932
"1300","member","Leavitt St & Division St",2980
"1301","member","Leavitt St & Lawrence Ave",1942
"1302","member","Leavitt St & North Ave",3905
"1303","member","Lincoln Ave & Addison St",1875
"1304","member","Lincoln Ave & Balmoral Ave",66
"1305","member","Lincoln Ave & Belle Plaine Ave",4086
"1306","member","Lincoln Ave & Belmont Ave",7271
"1307","member","Lincoln Ave & Diversey Pkwy",10110
"1308","member","Lincoln Ave & Fullerton Ave",13427
"1309","member","Lincoln Ave & Peterson Ave",9
"1310","member","Lincoln Ave & Roscoe St",7447
"1311","member","Lincoln Ave & Roscoe St - Charging",3
"1312","member","Lincoln Ave & Sunnyside Ave",3768
"1313","member","Lincoln Ave & Waveland Ave",3496
"1314","member","Lincoln Ave & Winona St",1529
"1315","member","Lincoln Park Conservatory",5932
"1316","member","Lincolnwood Dr & Central St",486
"1317","member","Lockwood Ave & Wrightwood Ave",101
"1318","member","Logan Blvd & Elston Ave",3598
"1319","member","Long & Irving Park",163
"1320","member","Long Ave & Belden Ave",91
"1321","member","Long Ave & Belmont Ave",92
"1322","member","Long Ave & North Ave",3
"1323","member","Loomis Blvd & 84th St",47
"1324","member","Loomis St & 89th St",10
"1325","member","Loomis St & Archer Ave",831
"1326","member","Loomis St & Jackson Blvd",4974
"1327","member","Loomis St & Lexington St",14236
"1328","member","Lyft Driver Center Private Rack",1
"1329","member","Major Ave & Bloomingdale Ave",9
"1330","member","Major Taylor Trail & 115th St",107
"1331","member","Major Taylor Trail & 124th St",33
"1332","member","Malcolm X College Vaccination Site",961
"1333","member","Manor Ave & Leland Ave",1486
"1334","member","Maplewood Ave & 59th St",3
"1335","member","Maplewood Ave & Peterson Ave",266
"1336","member","Marine Dr & Ainslie St",4664
"1337","member","Marquette Ave & 89th St",38
"1338","member","Marshfield Ave & 44th St",287
"1339","member","Marshfield Ave & 59th St",29
"1340","member","Marshfield Ave & Cortland St",1272
"1341","member","Maryland Ave & 104th St",2
"1342","member","Mason Ave & Belmont Ave",20
"1343","member","May St & 69th St",75
"1344","member","May St & Cullerton St",1178
"1345","member","May St & Taylor St",7418
"1346","member","McClurg Ct & Erie St",12972
"1347","member","McClurg Ct & Ohio St",343
"1348","member","McCormick Place",1116
"1349","member","Meade Ave & Addison St",35
"1350","member","Meade Ave & Diversey Ave",28
"1351","member","Menard Ave & Division St",4
"1352","member","Menard Ave & North Ave",2
"1353","member","Michigan Ave & 114th St",11
"1354","member","Michigan Ave & 14th St",8792
"1355","member","Michigan Ave & 18th St",6246
"1356","member","Michigan Ave & 71st St",30
"1357","member","Michigan Ave & 8th St",5940
"1358","member","Michigan Ave & Ida B Wells Dr",2849
"1359","member","Michigan Ave & Jackson Blvd",3801
"1360","member","Michigan Ave & Lake St",11143
"1361","member","Michigan Ave & Madison St",5671
"1362","member","Michigan Ave & Oak St",14550
"1363","member","Michigan Ave & Pearson St",5731
"1364","member","Michigan Ave & Washington St",11159
"1365","member","Mies van der Rohe Way & Chestnut St",10641
"1366","member","Mies van der Rohe Way & Chicago Ave",10735
"1367","member","Millard Ave & 26th St",87
"1368","member","Millennium Park",8723
"1369","member","Milwaukee Ave & Cuyler Ave",530
"1370","member","Milwaukee Ave & Fullerton Ave",118
"1371","member","Milwaukee Ave & Grand Ave",11669
"1372","member","Milwaukee Ave & Rockwell St",2733
"1373","member","Milwaukee Ave & Wabansia Ave",8314
"1374","member","MLK Jr Dr & 29th St",6186
"1375","member","MLK Jr Dr & 47th St",237
"1376","member","MLK Jr Dr & 56th St",187
"1377","member","MLK Jr Dr & 63rd St",185
"1378","member","MLK Jr Dr & 83rd St",21
"1379","member","MLK Jr Dr & Pershing Rd",569
"1380","member","Monticello Ave & Chicago Ave",18
"1381","member","Monticello Ave & Irving Park Rd",670
"1382","member","Montrose Harbor",8136
"1383","member","Morgan Ave & 14th Pl",3802
"1384","member","Morgan St & 18th St",2810
"1385","member","Morgan St & 31st St",2206
"1386","member","Morgan St & Lake St",10921
"1387","member","Morgan St & Pershing Rd",99
"1388","member","Morgan St & Polk St",8685
"1389","member","Mozart St & Jackson Blvd",12
"1390","member","Mulligan Ave & Wellington Ave",157
"1391","member","Museum of Science and Industry",2143
"1392","member","N Carpenter St & W Lake St",236
"1393","member","N Clark St & W Elm St",10
"1394","member","N Damen Ave & W Chicago Ave",12
"1395","member","N Damen Ave & W Wabansia St",1
"1396","member","N Green St & W Lake St",1256
"1397","member","N Hampden Ct & W Diversey Ave",1
"1398","member","N Paulina St & Lincoln Ave",101
"1399","member","N Sheffield Ave & W Wellington Ave",335
"1400","member","N Shore Channel Trail & Argyle Ave",7
"1401","member","N Southport Ave & W Newport Ave",217
"1402","member","Narragansett & Irving Park",30
"1403","member","Narragansett & McLean",19
"1404","member","Narragansett & Wrightwood",71
"1405","member","Narragansett Ave & School St",55
"1406","member","New St & Illinois St",11833
"1407","member","Noble St & Milwaukee Ave",6141
"1408","member","Nordica & Medill",41
"1409","member","Normal Ave & Archer Ave",883
"1410","member","North Ave & New England Ave",18
"1411","member","Oak Park & Wellington",47
"1412","member","Oakley Ave & Irving Park Rd",1305
"1413","member","Oakley Ave & Touhy Ave",263
"1414","member","Ogden Ave & Chicago Ave",6694
"1415","member","Ogden Ave & Congress Pkwy",2130
"1416","member","Ogden Ave & Race Ave",7469
"1417","member","Ogden Ave & Roosevelt Rd",934
"1418","member","Oglesby Ave & 100th St",33
"1419","member","Oketo Ave & Addison St",7
"1420","member","Olive Harvey College",3
"1421","member","Orange & Addison",16
"1422","member","Orleans St & Chestnut St (NEXT Apts)",7044
"1423","member","Orleans St & Elm St",3462
"1424","member","Orleans St & Hubbard St",7088
"1425","member","Orleans St & Merchandise Mart Plaza",12803
"1426","member","Panama Ave & Grace St",4
"1427","member","Parkside Ave & Armitage Ave",7
"1428","member","Paulina Ave & North Ave",5583
"1429","member","Paulina St & 18th St",2424
"1430","member","Paulina St & Flournoy St",8569
"1431","member","Paulina St & Howard St",1321
"1432","member","Paulina St & Montrose Ave",2200
"1433","member","Peoria St & Jackson Blvd",10594
"1434","member","Perry Ave & 69th St",33
"1435","member","Phillips Ave & 79th St",110
"1436","member","Phillips Ave & 83rd St",11
"1437","member","Pine Grove Ave & Irving Park Rd",8621
"1438","member","Pine Grove Ave & Waveland Ave",12052
"1439","member","Ping Tom Park (East)",18
"1440","member","Plainfield & Irving Park",3
"1441","member","Prairie Ave & 43rd St",327
"1442","member","Prairie Ave & Garfield Blvd",624
"1443","member","Princeton Ave & 47th St",133
"1444","member","Princeton Ave & Garfield Blvd",155
"1445","member","Prospect Sq & 91st St",87
"1446","member","Pulaski & Ann Lurie Pl",8
"1447","member","Pulaski Rd & 21st St",16
"1448","member","Pulaski Rd & 51st St",14
"1449","member","Pulaski Rd & 60th St",10
"1450","member","Pulaski Rd & Congress Pkwy",55
"1451","member","Pulaski Rd & Eddy St (Temp)",180
"1452","member","Pulaski Rd & Lake St",157
"1453","member","Racine Ave & 13th St",546
"1454","member","Racine Ave & 15th St",1841
"1455","member","Racine Ave & 18th St",4573
"1456","member","Racine Ave & 35th St",616
"1457","member","Racine Ave & 61st St",28
"1458","member","Racine Ave & 65th St",15
"1459","member","Racine Ave & Belmont Ave",7628
"1460","member","Racine Ave & Congress Pkwy",4162
"1461","member","Racine Ave & Fullerton Ave",10323
"1462","member","Racine Ave & Garfield Blvd",37
"1463","member","Racine Ave & Randolph St",3349
"1464","member","Racine Ave & Washington Blvd",3380
"1465","member","Racine Ave & Wrightwood Ave",5513
"1466","member","Rainbow Beach",87
"1467","member","Ravenswood Ave & Berteau Ave",2805
"1468","member","Ravenswood Ave & Irving Park Rd",3907
"1469","member","Ravenswood Ave & Lawrence Ave",8655
"1470","member","Rhodes Ave & 32nd St",3052
"1471","member","Rhodes Ave & 71st St",17
"1472","member","Richmond St & 59th St",1
"1473","member","Richmond St & Diversey Ave",1158
"1474","member","Richmond St & Lincoln Ave",15
"1475","member","Ridge Blvd & Howard St",472
"1476","member","Ridge Blvd & Touhy Ave",339
"1477","member","Ritchie Ct & Banks St",7967
"1478","member","Rockwell St & Archer Ave",35
"1479","member","Rockwell St & Cermak Rd",13
"1480","member","Rockwell St & Eastwood Ave",2307
"1481","member","Rockwell St & Fletcher St",66
"1482","member","Roscoe & Harlem",12
"1483","member","Rush St & Cedar St",11461
"1484","member","Rush St & Hubbard St",5703
"1485","member","Rush St & Superior St",11520
"1486","member","S Aberdeen St & W 106th St",27
"1487","member","S Michigan Ave & E 118th St",3
"1488","member","S Wentworth Ave & W 111th St",5
"1489","member","Sacramento Ave & 25th St",3
"1490","member","Sacramento Ave & Pershing Rd",15
"1491","member","Sacramento Blvd & Addison St",25
"1492","member","Sacramento Blvd & Franklin Blvd",239
"1493","member","Sacramento Blvd & Fulton Ave",7
"1494","member","Sacramento Blvd & Polk St",1
"1495","member","Sangamon St & Washington Blvd",6644
"1496","member","Sawyer Ave & Irving Park Rd",509
"1497","member","Sayre & Diversey",14
"1498","member","Sedgwick St & Huron St",9895
"1499","member","Sedgwick St & North Ave",9458
"1500","member","Sedgwick St & Schiller St",3375
"1501","member","Sedgwick St & Webster Ave",9308
"1502","member","Seeley Ave & Garfield Blvd",27
"1503","member","Seeley Ave & Roscoe St",3318
"1504","member","Shedd Aquarium",5004
"1505","member","Sheffield Ave & Fullerton Ave",12172
"1506","member","Sheffield Ave & Kingsbury St",9526
"1507","member","Sheffield Ave & Waveland Ave",9370
"1508","member","Sheffield Ave & Webster Ave",9957
"1509","member","Sheffield Ave & Wellington Ave",10584
"1510","member","Sheffield Ave & Willow St",9079
"1511","member","Sheffield Ave & Wrightwood Ave",8651
"1512","member","Sheridan Rd & Buena Ave",5899
"1513","member","Sheridan Rd & Columbia Ave",2695
"1514","member","Sheridan Rd & Greenleaf Ave",1208
"1515","member","Sheridan Rd & Irving Park Rd",9119
"1516","member","Sheridan Rd & Lawrence Ave",4026
"1517","member","Sheridan Rd & Loyola Ave",2725
"1518","member","Sheridan Rd & Montrose Ave",9546
"1519","member","Sheridan Rd & Noyes St (NU)",2940
"1520","member","Shields Ave & 28th Pl",1035
"1521","member","Shields Ave & 31st St",2577
"1522","member","Shields Ave & 43rd St",56
"1523","member","Shore Dr & 55th St",7064
"1524","member","Smith Park",1525
"1525","member","South Chicago Ave & 83rd St",26
"1526","member","South Chicago Ave & Elliot Ave",11
"1527","member","South Shore Dr & 67th St",525
"1528","member","South Shore Dr & 71st St",906
"1529","member","South Shore Dr & 74th St",244
"1530","member","Southport Ave & Belmont Ave",5520
"1531","member","Southport Ave & Clark St",2106
"1532","member","Southport Ave & Clybourn Ave",6049
"1533","member","Southport Ave & Irving Park Rd",5126
"1534","member","Southport Ave & Roscoe St",10965
"1535","member","Southport Ave & Waveland Ave",11323
"1536","member","Southport Ave & Wellington Ave",7789
"1537","member","Southport Ave & Wrightwood Ave",6398
"1538","member","Spaulding Ave & 16th St",20
"1539","member","Spaulding Ave & 63rd St",5
"1540","member","Spaulding Ave & Armitage Ave",1791
"1541","member","Spaulding Ave & Division St",1085
"1542","member","Springfield Ave & 47th St",17
"1543","member","St. Clair St & Erie St",18816
"1544","member","St. Louis Ave & Balmoral Ave",491
"1545","member","St. Louis Ave & Fullerton Ave",1474
"1546","member","State St & 123rd St",14
"1547","member","State St & 19th St",1649
"1548","member","State St & 29th St",425
"1549","member","State St & 33rd St",8386
"1550","member","State St & 35th St",2984
"1551","member","State St & 54th St",80
"1552","member","State St & 76th St",14
"1553","member","State St & 79th St",128
"1554","member","State St & 95th St",154
"1555","member","State St & Chicago Ave",198
"1556","member","State St & Harrison St",4200
"1557","member","State St & Kinzie St",11259
"1558","member","State St & Pearson St",7255
"1559","member","State St & Pershing Rd",189
"1560","member","State St & Randolph St",10495
"1561","member","State St & Van Buren St",5061
"1562","member","Stave St & Armitage Ave",2726
"1563","member","Stetson Ave & South Water St",7173
"1564","member","Stewart Ave & 63rd St",54
"1565","member","Stewart Ave & 83rd St",27
"1566","member","Stockton Dr & Wrightwood Ave",9701
"1567","member","Stony Island Ave & 64th St",158
"1568","member","Stony Island Ave & 67th St",92
"1569","member","Stony Island Ave & 71st St",84
"1570","member","Stony Island Ave & 75th St",195
"1571","member","Stony Island Ave & 82nd St",121
"1572","member","Stony Island Ave & 90th St",75
"1573","member","Stony Island Ave & South Chicago Ave",50
"1574","member","Streeter Dr & Grand Ave",16352
"1575","member","Summit Ave & 86th St",24
"1576","member","Talman Ave & Addison St",1817
"1577","member","Theater on the Lake",15436
"1578","member","Throop St & 52nd St",14
"1579","member","Throop St & Taylor St",5732
"1580","member","Throop/Hastings Mobile Station",2
"1581","member","Torrence Ave & 106th St",9
"1582","member","Torrence Ave & 126th Pl",6
"1583","member","Tripp Ave & 15th St",7
"1584","member","Tripp Ave & 31st St",7
"1585","member","Tripp Ave & 65th St",2
"1586","member","Troy St & Elston Ave",1326
"1587","member","Troy St & Grace St",39
"1588","member","Troy St & North Ave",1369
"1589","member","Union Ave & Root St",326
"1590","member","University Ave & 57th St",13399
"1591","member","University Library (NU)",1734
"1592","member","Valli Produce - Evanston Plaza",558
"1593","member","Vernon Ave & 107th St",3
"1594","member","Vernon Ave & 75th St",34
"1595","member","Vernon Ave & 79th St",53
"1596","member","Vincennes Ave & 104th St",51
"1597","member","Vincennes Ave & 75th St",31
"1598","member","Virginia Ave & Catalpa Ave",35
"1599","member","W 103rd St & S Avers Ave",18
"1600","member","W Armitage Ave & N Sheffield Ave",569
"1601","member","W Oakdale Ave & N Broadway",910
"1602","member","W Washington Blvd & N Peoria St",117
"1603","member","Wabash Ave & 16th St",6417
"1604","member","Wabash Ave & 83rd St",18
"1605","member","Wabash Ave & 87th St",70
"1606","member","Wabash Ave & 9th St",9479
"1607","member","Wabash Ave & Adams St",5522
"1608","member","Wabash Ave & Cermak Rd",1650
"1609","member","Wabash Ave & Grand Ave",16678
"1610","member","Wabash Ave & Roosevelt Rd",13511
"1611","member","Wabash Ave & Wacker Pl",6142
"1612","member","Wacker Dr & Washington St",5998
"1613","member","Walden Pkwy & 100th St",46
"1614","member","Wallace St & 35th St",1981
"1615","member","Walsh Park",4901
"1616","member","Warren Park East",572
"1617","member","Warren Park West",448
"1618","member","Washtenaw Ave & Lawrence Ave",2129
"1619","member","Washtenaw Ave & Madison St",1
"1620","member","Washtenaw Ave & Ogden Ave",702
"1621","member","Washtenaw Ave & Peterson Ave",3
"1622","member","Wells St & 19th St",1221
"1623","member","Wells St & Concord Ln",23691
"1624","member","Wells St & Elm St",20982
"1625","member","Wells St & Evergreen Ave",13606
"1626","member","Wells St & Hubbard St",15246
"1627","member","Wells St & Huron St",18970
"1628","member","Wells St & Polk St",7518
"1629","member","Wells St & Walton St",5855
"1630","member","Wentworth Ave & 104th St",31
"1631","member","Wentworth Ave & 24th St (Temp)",955
"1632","member","Wentworth Ave & 33rd St",1904
"1633","member","Wentworth Ave & 35th St",960
"1634","member","Wentworth Ave & 63rd St",148
"1635","member","Wentworth Ave & Cermak Rd",3702
"1636","member","WEST CHI-WATSON",5
"1637","member","Western & 28th - Velasquez Institute Vaccination Site",90
"1638","member","Western Ave & 104th St",48
"1639","member","Western Ave & 111th St",40
"1640","member","Western Ave & 21st St",1296
"1641","member","Western Ave & 24th St",589
"1642","member","Western Ave & 62nd St",16
"1643","member","Western Ave & Ardmore Ave",8
"1644","member","Western Ave & Congress Pkwy",2199
"1645","member","Western Ave & Division St",3082
"1646","member","Western Ave & Fillmore St",4145
"1647","member","Western Ave & Grace St",43
"1648","member","Western Ave & Granville Ave",687
"1649","member","Western Ave & Gunnison St",63
"1650","member","Western Ave & Howard St",429
"1651","member","Western Ave & Lake St",1
"1652","member","Western Ave & Leland Ave",4207
"1653","member","Western Ave & Lunt Ave",988
"1654","member","Western Ave & Monroe St",1527
"1655","member","Western Ave & Roscoe St",1549
"1656","member","Western Ave & Walton St",4242
"1657","member","Western Ave & Winnebago Ave",5422
"1658","member","Western Blvd & 48th Pl",101
"1659","member","Whipple St & Irving Park Rd",1
"1660","member","Whipple St & Roosevelt Rd",2
"1661","member","Whipple/Irving Park",7
"1662","member","Wilton Ave & Belmont Ave",15027
"1663","member","Wilton Ave & Diversey Pkwy",11326
"1664","member","Winchester (Ravenswood) Ave & Balmoral Ave",1217
"1665","member","Winchester Ave & Elston Ave",2086
"1666","member","Winthrop Ave & Lawrence Ave",3894
"1667","member","Wolcott (Ravenswood) Ave & Montrose Ave",3445
"1668","member","Wolcott Ave & Fargo Ave",219
"1669","member","Wolcott Ave & Polk St",8490
"1670","member","Wood St & 35th St",374
"1671","member","Wood St & Augusta Blvd",3692
"1672","member","Wood St & Chicago Ave",4625
"1673","member","Wood St & Hubbard St",2814
"1674","member","Wood St & Milwaukee Ave",9026
"1675","member","Wood St & Taylor St (Temp)",6105
"1676","member","Woodlawn & 103rd - Olive Harvey Vaccination Site",15
"1677","member","Woodlawn Ave & 55th St",5069
"1678","member","Woodlawn Ave & 75th St",15
"1679","member","Woodlawn Ave & Lake Park Ave",938
"1680","member","Yates Blvd & 75th St",47
"1681","member","Yates Blvd & 93rd St",55
